SET SQL_SAFE_UPDATES = 0;
SET foreign_key_checks = 0;
DELETE FROM musician;
DELETE FROM instrument;
DELETE FROM musicGroup;
DELETE FROM song;
DELETE FROM disc;
DELETE FROM concert;
DELETE FROM ticket;
DELETE FROM user;
DELETE FROM sells;
DELETE FROM givesOpinionDisc;
DELETE FROM givesOpinionConcert;
DELETE FROM buysDisc;
DELETE FROM buysTicket;
DELETE FROM plays;
DELETE FROM belongs;
DELETE FROM creates;
DELETE FROM performs;
DELETE FROM contains;
SET foreign_key_checks = 1; 
SET SQL_SAFE_UPDATES = 1;

insert into instrument values('Saxophone');
insert into instrument values('Piano');
insert into instrument values('Double bass');
insert into instrument values('Drums');
insert into instrument values('Guitar');
insert into instrument values('Bass');
insert into instrument values('Vocals');
insert into instrument values('Electric guitar');
insert into instrument values('Acoustic guitar');
insert into instrument values('Drum kit');
insert into instrument values('Harmonica');
insert into instrument values('Maraces');
insert into instrument values('Percussion');
insert into instrument values('Electric Harp');


#John Coltrane´s Band ID: 270
insert into musicGroup values (270, 'Jazz');

insert into musician values (06166844, 'John', 'Coltrane', 'W Hamlet Ave 28', 28345, 'Hamlet', 'North Carolina', 699278486, 932754923);
insert into musician values (05334423, 'Tommy', 'Flanagan', 'Grand Haven St', 48212, 'Detroit', 'Michigan', 642856023, 923435645);
insert into musician values (04628696, 'Wynton', 'Kelly', 'Bedford Ave', 11216, 'New York', 'New York', 694960342, 964012435);
insert into musician values (08484326, 'Paul', 'Chambers', 'Penn Ave', 15222, 'Pittsburgh', 'Pensilvania', 684245245, 908335928);
insert into musician values (05427651, 'Art', 'Taylor', 'Jefferson St', 07030, 'New York', 'New York', 648485012, 903847395);

insert into belongs values (06166844, 270);
insert into belongs values (05334423, 270);
insert into belongs values (04628696, 270);
insert into belongs values (08484326, 270);
insert into belongs values (05427651, 270);

insert into plays values (06166844, 'Saxophone');
insert into plays values (05334423, 'Piano');
insert into plays values (04628696, 'Piano');
insert into plays values (08484326, 'Double bass');
insert into plays values (05427651, 'Drums');

insert into disc values (2056, 'Giant Steps', '1960-01-27', 'Digital', 'mp3', '1024 MB',''); 
insert into creates values (270,2056);

insert into song values ('Giant Steps', '1960-01-27', 283);
insert into song values ('Cousin Mary', '1960-01-27', 345);
insert into song values ('Countdown','1960-01-27', 141);
insert into song values ('Spiral','1960-01-27', 356);
insert into song values ('Syeeda´s Song Flute','1960-01-27', 420);
insert into song values ('Naima','1960-01-27', 261);
insert into song values ('Mr. P.C.','1960-01-27', 417);

insert into contains values ('2056', 'Giant Steps');
insert into contains values ('2056', 'Cousin Mary');
insert into contains values ('2056', 'Countdown');
insert into contains values ('2056', 'Spiral');
insert into contains values ('2056', 'Syeeda´s Song Flute');
insert into contains values ('2056', 'Naima');
insert into contains values ('2056', 'Mr. P.C.');

insert into disc values (2984, 'A Love Supreme', '1964-12-09', 'Physical', '', '', 'CD');
insert into creates values (270,2984);

insert into song values ('Part 1: "Acknowledgment"', '1964-12-09', 463);
insert into song values ('Part 2: "Resolution"', '1964-12-09', 440);
insert into song values ('Part 3: "Pursuance"', '1964-12-09', 642);
insert into song values ('Part 4: "Psalm"', '1964-12-09', 425);

insert into contains values (2984, 'Part 1: "Acknowledgment"');
insert into contains values (2984, 'Part 2: "Resolution"');
insert into contains values (2984, 'Part 3: "Pursuance"');
insert into contains values (2984, 'Part 4: "Psalm"');

insert into concert values (3980, '2018-02-22', 'USA', 'San Francisco', 'Golden Park');
insert into performs values (270, 3980);
insert into ticket values(271,65);
insert into ticket values(272,65);
insert into ticket values(273,65);
insert into ticket values(274,65);
insert into ticket values(275,65);
insert into ticket values(276,65);
insert into ticket values(277,65);
insert into ticket values(278,65);
insert into ticket values(279,65);
insert into ticket values(280,65);
insert into ticket values(281,65);
insert into ticket values(282,65);
insert into ticket values(283,65);
insert into ticket values(284,65);
insert into ticket values(285,65);
insert into ticket values(286,65);
insert into ticket values(287,65);
insert into ticket values(288,65);
insert into ticket values(289,65);
insert into ticket values(290,65);
insert into sells values(3980,271);
insert into sells values(3980,272);
insert into sells values(3980,273);
insert into sells values(3980,274);
insert into sells values(3980,275);
insert into sells values(3980,276);
insert into sells values(3980,277);
insert into sells values(3980,278);
insert into sells values(3980,279);
insert into sells values(3980,280);
insert into sells values(3980,281);
insert into sells values(3980,282);
insert into sells values(3980,283);
insert into sells values(3980,284);
insert into sells values(3980,285);
insert into sells values(3980,286);
insert into sells values(3980,287);
insert into sells values(3980,288);
insert into sells values(3980,289);
insert into sells values(3980,290);

insert into concert values (3990, '2019-12-03', 'Spain', 'Madrid', 'Parque del Retiro');
insert into performs values (270, 3990);
insert into ticket values(291,110);
insert into ticket values(292,110);
insert into ticket values(293,110);
insert into ticket values(294,110);
insert into ticket values(295,110);
insert into ticket values(296,110);
insert into ticket values(297,110);
insert into ticket values(298,110);
insert into ticket values(299,110);
insert into ticket values(300,110);
insert into ticket values(301,110);
insert into ticket values(302,110);
insert into ticket values(303,110);
insert into ticket values(304,110);
insert into ticket values(305,110);
insert into ticket values(306,110);
insert into ticket values(307,110);
insert into ticket values(308,110);
insert into ticket values(309,110);
insert into ticket values(310,110);
insert into sells values(3990,291);
insert into sells values(3990,292);
insert into sells values(3990,293);
insert into sells values(3990,294);
insert into sells values(3990,295);
insert into sells values(3990,296);
insert into sells values(3990,297);
insert into sells values(3990,298);
insert into sells values(3990,299);
insert into sells values(3990,300);
insert into sells values(3990,301);
insert into sells values(3990,302);
insert into sells values(3990,303);
insert into sells values(3990,304);
insert into sells values(3990,305);
insert into sells values(3990,306);
insert into sells values(3990,307);
insert into sells values(3990,308);
insert into sells values(3990,309);
insert into sells values(3990,310);

#West Montgomery´s Band ID: 110
insert into musicGroup values (110, 'Jazz');
insert into musician values (05264892, 'Wes', 'Montgomery', 'Allison Ave', 46224, 'Indianapolis', 'Indiana', 638964274, 923754964);
insert into musician values (05672350, 'Percy', 'Heath', 'Wrightsville Ave', 28403, 'Willmington', 'North Carolina', 634346923, 960255970);
insert into musician values (09452841, 'Albert', 'Heath', 'Wrightsville Ave', 28403, 'Willmington', 'North Carolina', 634856231, 954734923);
insert into musician values (05392301, 'Jimmy', 'Heath', 'Wrightsville Ave', 28403, 'Willmington', 'North Carolina', 634753078, 923754923);

insert into belongs values (05392301, 110);
insert into belongs values (05264892, 110);
insert into belongs values (09452841, 110);
insert into belongs values (05672350, 110);

insert into plays values (05264892, 'Guitar');
insert into plays values (05672350, 'Bass');
insert into plays values (09452841, 'Drums');
insert into plays values (05392301, 'Saxophone');

insert into disc values (1784, 'The Incredible Jazz Guitar of Wes Montgomery', '1960-01-28','Digital', 'WAV', '2048 MB', '');
insert into creates values (110, 1784);

insert into song values ('Airegin', '1960-01-28', 266);
insert into song values ('D-Natural Blues', '1960-01-28', 323);
insert into song values ('Polka Dots and Moonbeams', '1960-01-28', 284);
insert into song values ('Four on Six', '1960-01-28', 375);
insert into song values ('West Coast Blues', '1960-01-28', 446);
insert into song values ('In Your Own Sweet Way', '1960-01-28', 293);
insert into song values ('Mr. Walker', '1960-01-28', 273);
insert into song values ('Gone With the Wind', '1960-01-28', 384);

insert into contains values (1784, 'Airegin');
insert into contains values (1784, 'D-Natural Blues');
insert into contains values (1784, 'Polka Dots and Moonbeams');
insert into contains values (1784, 'Four on Six');
insert into contains values (1784, 'West Coast Blues');
insert into contains values (1784, 'In Your Own Sweet Way');
insert into contains values (1784, 'Mr. Walker');
insert into contains values (1784, 'Gone With the Wind');

insert into concert values (4470, '2017-02-03', 'France', 'Paris' , 'Le Jardin du Luxembourg');
insert into performs values (110, 4470);
insert into ticket values(160,75);
insert into ticket values(161,75);
insert into ticket values(162,75);
insert into ticket values(163,75);
insert into ticket values(164,75);
insert into ticket values(165,75);
insert into ticket values(166,75);
insert into ticket values(167,75);
insert into ticket values(168,75);
insert into ticket values(169,75);
insert into ticket values(170,75);
insert into ticket values(171,75);
insert into ticket values(172,75);
insert into ticket values(173,75);
insert into ticket values(174,75);
insert into ticket values(175,75);
insert into ticket values(176,75);
insert into ticket values(177,75);
insert into ticket values(178,75);
insert into ticket values(179,75);
insert into sells values(4470,160);
insert into sells values(4470,161);
insert into sells values(4470,162);
insert into sells values(4470,163);
insert into sells values(4470,164);
insert into sells values(4470,165);
insert into sells values(4470,166);
insert into sells values(4470,167);
insert into sells values(4470,168);
insert into sells values(4470,169);
insert into sells values(4470,170);
insert into sells values(4470,171);
insert into sells values(4470,172);
insert into sells values(4470,173);
insert into sells values(4470,174);
insert into sells values(4470,175);
insert into sells values(4470,176);
insert into sells values(4470,177);
insert into sells values(4470,178);
insert into sells values(4470,179);

insert into concert values (4480, '2018-01-01', 'Spain', 'Madrid', 'Parque Rey Juan Carlos');
insert into performs values (110, 4480);
insert into ticket values(180,110);
insert into ticket values(181,110);
insert into ticket values(182,110);
insert into ticket values(183,110);
insert into ticket values(184,110);
insert into ticket values(185,110);
insert into ticket values(186,110);
insert into ticket values(187,110);
insert into ticket values(188,110);
insert into ticket values(189,110);
insert into ticket values(190,110);
insert into ticket values(191,110);
insert into ticket values(192,110);
insert into ticket values(193,110);
insert into ticket values(194,110);
insert into ticket values(195,110);
insert into ticket values(196,110);
insert into ticket values(197,110);
insert into ticket values(198,110);
insert into ticket values(199,110);
insert into sells values(4480,180);
insert into sells values(4480,181);
insert into sells values(4480,182);
insert into sells values(4480,183);
insert into sells values(4480,184);
insert into sells values(4480,185);
insert into sells values(4480,186);
insert into sells values(4480,187);
insert into sells values(4480,188);
insert into sells values(4480,189);
insert into sells values(4480,190);
insert into sells values(4480,191);
insert into sells values(4480,192);
insert into sells values(4480,193);
insert into sells values(4480,194);
insert into sells values(4480,195);
insert into sells values(4480,196);
insert into sells values(4480,197);
insert into sells values(4480,198);
insert into sells values(4480,199);


#Reincidentes´s Band ID: 430
insert into musicGroup values (430, 'Rock');

insert into musician values (04136534, 'Kutxi', 'Romero', 'Etxebakar St 8', 31013, 'Berriozar', 'Navarra', 693275436, 933454323);
insert into musician values (07376429, 'Eduardo', 'Beaumont', 'Eunsasi St 14', 31013, 'Berriozar', 'Navarra', 694832128, 985426645);
insert into musician values (04949485, 'Cesar', 'Ramallo', 'Kaleberri St 9', 31013, 'Berriozar', 'Navarra', 694960342, 964012435);
insert into musician values (04949365, 'David', 'Diaz', 'Guipuzcoa Ave', 31013, 'Berriozar', 'Navarra', 684345269, 903927562);
insert into musician values (05453651, 'Alen', 'Ayerdi', 'Oianondoa St 4', 31013, 'Berriozar', 'Navarra', 648425012, 983243621);

insert into belongs values (04136534, 430);
insert into belongs values (07376429, 430);
insert into belongs values (04949485, 430);
insert into belongs values (04949365, 430);
insert into belongs values (05453651, 430);

insert into plays values (04136534, 'Vocals');
insert into plays values (07376429, 'Bass');
insert into plays values (07376429, 'Vocals');
insert into plays values (04949485, 'Electric guitar');
insert into plays values (04949365, 'Electric guitar');
insert into plays values (04949365, 'Acoustic guitar');
insert into plays values (05453651, 'Drums');

insert into disc values (3492, 'La patera', '1999-03-13', 'Physical', '', '' ,'lp'); 
insert into creates values (430,3492);

insert into song values ('Marea', '1999-03-13', 265);
insert into song values ('Ya lo dijo Camarón', '1999-03-13', 204);
insert into song values ('Trasegando', '1999-03-13', 167);
insert into song values ('No quiero ser un poeta', '1999-03-13', 213);
insert into song values ('Despellejo', '1999-03-13', 220);
insert into song values ('Quejíos', '1999-03-13', 282);
insert into song values ('Lija y terciopelo', '1999-03-13', 275);
insert into song values ('Como quiere tu abuelita', '1999-03-13', 307);

insert into contains values (3492, 'Marea');
insert into contains values (3492, 'Ya lo dijo Camarón');
insert into contains values (3492, 'Trasegando');
insert into contains values (3492, 'No quiero ser un poeta');
insert into contains values (3492, 'Despellejo');
insert into contains values (3492, 'Quejíos');
insert into contains values (3492, 'Lija y terciopelo');
insert into contains values (3492, 'Como quiere tu abuelita');

insert into disc values (6321, 'Revolcón', '2000-02-06', 'Physical', '', '', 'CD');
insert into creates values (430,6321);

insert into song values ('Barniz', '2000-02-06', 234);
insert into song values ('Incandescente', '2000-02-06', 250);
insert into song values ('Amor temporero', '2000-02-06', 240);
insert into song values ('Corazón de mimbre', '2000-02-06', 337);
insert into song values ('El perro verde', '2000-02-06', 242);
insert into song values ('Duerme conmigo', '2000-02-06', 220);
insert into song values ('Canto de tierra seca I', '2000-02-06', 72);
insert into song values ('Canto de tierra seca II', '2000-02-06', 206);
insert into song values ('Prisma tristeza', '2000-02-06', 221);
insert into song values ('Mojama', '2000-02-06', 235);
insert into song values ('Si viene la pestañi', '2000-02-06', 221);

insert into contains values (6321, 'Barniz');
insert into contains values (6321, 'Incandescente');
insert into contains values (6321, 'Amor temporero');
insert into contains values (6321, 'Corazón de mimbre');
insert into contains values (6321, 'El perro verde');
insert into contains values (6321, 'Duerme conmigo');
insert into contains values (6321, 'Canto de tierra seca I');
insert into contains values (6321, 'Canto de tierra seca II');
insert into contains values (6321, 'Prisma tristeza');
insert into contains values (6321, 'Mojama');
insert into contains values (6321, 'Si viene la pestañi');

insert into disc values (3229, 'En mi hambre mando yo', '2011-09-27', 'Physical', '', '', 'CD');
insert into creates values (430, 3229);

insert into song values ('Bienvenido al secadero', '2011-09-27', 224);
insert into song values ('La majada', '2011-09-27', 255);
insert into song values ('Sobran bueyes', '2011-09-27', 251);
insert into song values ('El día que lluevan pianos', '2011-09-27', 250);
insert into song values ('Canaleros', '2011-09-27', 311);
insert into song values ('Ojalá me quieras libre', '2011-09-27', 257);
insert into song values ('Ángeles del suelo', '2011-09-27', 223);
insert into song values ('Las últimas habitaciones', '2011-09-27', 220);
insert into song values ('Plomo en los bolsillos', '2011-09-27', 245);
insert into song values ('Pedimiento', '2011-09-27', 260);

insert into contains values (3229, 'Bienvenido al secadero');
insert into contains values (3229, 'La majada');
insert into contains values (3229, 'Sobran bueyes');
insert into contains values (3229, 'El día que lluevan pianos');
insert into contains values (3229, 'Canaleros');
insert into contains values (3229, 'Ojalá me quieras libre');
insert into contains values (3229, 'Ángeles del suelo');
insert into contains values (3229, 'Las últimas habitaciones');
insert into contains values (3229, 'Plomo en los bolsillos');
insert into contains values (3229, 'Pedimiento');

insert into concert values(1270, '2018-02-05', 'France', 'Paris' , 'Le Jardin du Luxembourg');
insert into performs values(430,1270);
insert into ticket values(500,120);
insert into ticket values(501,120);
insert into ticket values(502,120);
insert into ticket values(503,120);
insert into ticket values(504,120);
insert into ticket values(505,120);
insert into ticket values(506,120);
insert into ticket values(507,120);
insert into ticket values(508,120);
insert into ticket values(509,120);
insert into ticket values(510,120);
insert into ticket values(511,120);
insert into ticket values(512,120);
insert into ticket values(513,120);
insert into ticket values(514,120);
insert into ticket values(515,120);
insert into ticket values(516,120);
insert into ticket values(517,120);
insert into ticket values(518,120);
insert into ticket values(519,120);
insert into sells values(1270,500);
insert into sells values(1270,501);
insert into sells values(1270,502);
insert into sells values(1270,503);
insert into sells values(1270,504);
insert into sells values(1270,505);
insert into sells values(1270,506);
insert into sells values(1270,507);
insert into sells values(1270,508);
insert into sells values(1270,509);
insert into sells values(1270,510);
insert into sells values(1270,511);
insert into sells values(1270,512);
insert into sells values(1270,513);
insert into sells values(1270,514);
insert into sells values(1270,515);
insert into sells values(1270,516);
insert into sells values(1270,517);
insert into sells values(1270,518);
insert into sells values(1270,519);

insert into concert values(9200, '2014-03-31', 'Germany', 'Berlin' , 'Friedrich-Ludwig-Jahn-Sportpark');
insert into performs values(430,9200);
insert into ticket values(600,80);
insert into ticket values(601,80);
insert into ticket values(602,80);
insert into ticket values(603,80);
insert into ticket values(604,80);
insert into ticket values(605,80);
insert into ticket values(606,80);
insert into ticket values(607,80);
insert into ticket values(608,80);
insert into ticket values(609,80);
insert into ticket values(610,80);
insert into ticket values(611,80);
insert into ticket values(612,80);
insert into ticket values(613,80);
insert into ticket values(614,80);
insert into ticket values(615,80);
insert into ticket values(616,80);
insert into ticket values(617,80);
insert into ticket values(618,80);
insert into ticket values(619,80);
insert into sells values(9200,600);
insert into sells values(9200,601);
insert into sells values(9200,602);
insert into sells values(9200,603);
insert into sells values(9200,604);
insert into sells values(9200,605);
insert into sells values(9200,606);
insert into sells values(9200,607);
insert into sells values(9200,608);
insert into sells values(9200,609);
insert into sells values(9200,610);
insert into sells values(9200,611);
insert into sells values(9200,612);
insert into sells values(9200,613);
insert into sells values(9200,614);
insert into sells values(9200,615);
insert into sells values(9200,616);
insert into sells values(9200,617);
insert into sells values(9200,618);
insert into sells values(9200,619);

#The Rolling Stones´s Band ID: 781
insert into musicgroup values(781, 'Rock');

insert into musician values(8321941, 'Mike', 'Jagger', 'Orchard St',70312, 'Dartford', 'Kent',432758192,948928192);
insert into musician values(7984074, 'Keith', 'Richards', 'Home Gardens St',70312, 'Dartford', 'Kent',432753281,942076582);
insert into musician values(7438203, 'Charlie', 'Watts', 'Cockspur St',70311, 'London', 'London',492758132,947327617);
insert into musician values(4632752, 'Ron', 'Wood', 'Middlesex St',70312, 'London', 'London',432039192,903725131);

insert into belongs values(8321941,781);
insert into belongs values(7984074,781);
insert into belongs values(7438203,781);
insert into belongs values(4632752,781);

insert into plays values(8321941, 'Vocals');
insert into plays values(8321941, 'Harmonica');
insert into plays values(8321941, 'Guitar');
insert into plays values(8321941, 'Maraces');
insert into plays values(7984074, 'Vocals');
insert into plays values(7984074, 'Piano');
insert into plays values(7984074, 'Bass');
insert into plays values(7984074, 'Guitar');
insert into plays values(7438203, 'Percussion');
insert into plays values(7438203, 'Drum kit');
insert into plays values(4632752, 'Guitar');
insert into plays values(4632752, 'Saxophone');
insert into plays values(4632752, 'Bass');
insert into plays values(4632752, 'Electric Harp');
insert into plays values(4632752, 'Harmonica');

insert into disc values(3282, 'The Rolling Stones', '1964-04-19', 'Physical', '', '', 'lp');
insert into creates values(781,3282);
insert into song values( 'Route 66', '1964-04-19',140);
insert into song values( 'I Just Want to Make Love to You', '1964-04-19',137);
insert into song values( 'Honest I Do', '1964-04-19',129);
insert into song values( 'Mona (I Need You Baby)', '1964-04-19',153);
insert into song values( 'Now I have Got a Witness (Like Uncle Phil and Uncle Gene)', '1964-04-19',149);
insert into song values( 'Little by Little', '1964-04-19',159);
insert into song values( 'I am a King Bee', '1964-04-19',155);
insert into song values( 'Carol', '1964-04-19',153);
insert into song values( 'Tell Me (You are Coming Back)', '1964-04-19',245);
insert into song values( 'Can I Get a Witness', '1964-04-19',175);
insert into song values( 'You Can Make It If You Try', '1964-04-19',121);
insert into song values( 'Walking the Dog', '1964-04-19',190);

insert into disc values(3627, '12 X 5', '1964-10-17', 'Physical', '', '', 'lp');
insert into creates values(781,3627);
insert into song values( 'Around and Around', '1964-10-17',183);
insert into song values( 'Confessing the Blues', '1964-10-17',166);
insert into song values( 'Empty Heart', '1964-10-17',155);
insert into song values( 'Time Is on My Side', '1964-10-17',170);
insert into song values( 'Good Times, Bad Times', '1964-10-17',152);
insert into song values( 'It is All Over Now', '1964-10-17',207);
insert into song values( '2120 South Michigan Avenue', '1964-10-17',123);
insert into song values( 'Under the Boardwalk', '1964-10-17',168);
insert into song values( 'Congratulations', '1964-10-17',148);
insert into song values( 'Grown Up Wrong', '1964-10-17',124);
insert into song values( 'If You Need Me', '1964-10-17',123);
insert into song values( 'Susie Q', '1964-10-17',111);

insert into disc values(7329, 'Aftermath', '1966-04-15', 'Physical', '', '', 'lp');
insert into creates values(781,7329);
insert into song values( 'Mother,s Little Helper', '1966-04-15',164);
insert into song values( 'Stupid Girl', '1966-04-15',184);
insert into song values( 'Lady Jane', '1966-04-15',188);
insert into song values( 'Under My Thumb', '1966-04-15',221);
insert into song values( 'Doncha Bother Me', '1966-04-15',161);
insert into song values( 'Going Home', '1966-04-15',673);
insert into song values( 'Flight 505', '1966-04-15',207);
insert into song values( 'High and Dry', '1966-04-15',188);
insert into song values( 'Out of Time', '1966-04-15',337);
insert into song values( 'It is Not Easy', '1966-04-15',184);
insert into song values( 'I Am Waiting', '1966-04-15',191);
insert into song values( 'Take It or Leave It', '1966-04-15',167);
insert into song values( 'Think', '1966-04-15',189);
insert into song values( 'What to Do', '1966-04-15',152);

insert into disc values(7482, 'Some Girls', '1978-06-09', 'Physical', '', '', 'lp');
insert into creates values(781,7482);
insert into song values( 'Miss You', '1978-06-09',288);
insert into song values( 'When the Whip Comes Down', '1978-06-09',260);
insert into song values( 'Just My Imagination (Running Away with Me)', '1978-06-09',278);
insert into song values( 'Some Girls', '1978-06-09',276);
insert into song values( 'Lies', '1978-06-09',191);
insert into song values( 'Far Away Eyes', '1978-06-09',264);
insert into song values( 'Respectable', '1978-06-09',186);
insert into song values( 'Before They Make Me Run', '1978-06-09',205);
insert into song values( 'Beast of Burden', '1978-06-09',265);
insert into song values( 'Shattered', '1978-06-09',228);

insert into disc values(5738, 'Voodoo Lounge', '1994-07-18', 'Physical', '', '', 'lp');
insert into creates values(781,5738);
insert into song values( 'Love Is Strong', '1994-07-18',226);
insert into song values( 'You Got Me Rocking', '1994-07-18',214);
insert into song values( 'Sparks Will Fly', '1994-07-18',194);
insert into song values( 'The Worst', '1994-07-18',144);
insert into song values( 'New Faces', '1994-07-18',170);
insert into song values( 'Moon Is Up', '1994-07-18',221);
insert into song values( 'Out of Tears', '1994-07-18',325);
insert into song values( 'I Go Wild', '1994-07-18',259);
insert into song values( 'Brand New Car', '1994-07-18',253);
insert into song values( 'Sweethearts Together', '1994-07-18',286);
insert into song values( 'Suck on the Jugular', '1994-07-18',266);
insert into song values( 'Blinded by Rainbows', '1994-07-18',273);
insert into song values( 'Baby Break It Down', '1994-07-18',247);
insert into song values( 'Thru and Thru', '1994-07-18',359);
insert into song values( 'Mean Disposition', '1994-07-18',249);

insert into disc values(6234, 'A Bigger Bang', '2005-09-06', 'Physical', '', '', 'CD');
insert into creates values(781,6234);
insert into song values( 'Rough Justice', '2005-09-06',191);
insert into song values( 'Let Me Down Slow', '2005-09-06',256);
insert into song values( 'It Won,t Take Long', '2005-09-06',234);
insert into song values( 'Rain Fall Down', '2005-09-06',294);
insert into song values( 'Streets of Love', '2005-09-06',310);
insert into song values( 'Back of My Hand', '2005-09-06',212);
insert into song values( 'She Saw Me Coming', '2005-09-06',192);
insert into song values( 'Biggest Mistake', '2005-09-06',246);
insert into song values( 'This Place Is Empty', '2005-09-06',192);
insert into song values( 'Oh No, Not You Again', '2005-09-06',226);
insert into song values( 'Dangerous Beauty', '2005-09-06',228);
insert into song values( 'Laugh, I Nearly Died', '2005-09-06',294);
insert into song values( 'Sweet Neo Con', '2005-09-06',273);
insert into song values( 'Look What the Cat Dragged In', '2005-09-06',237);
insert into song values( 'Driving Too Fast', '2005-09-06',236);
insert into song values( 'Infamy', '2005-09-06',227);

insert into disc values(7231, 'Blue & Lonesome', '2016-12-02', 'Digital', 'mp3', '2048 MB', '');
insert into creates values(781,7231);
insert into song values( 'Just Your Fool', '2016-12-02',136);
insert into song values( 'Commit a Crime', '2016-12-02',218);
insert into song values( 'Blue and Lonesome', '2016-12-02',217);
insert into song values( 'All of Your Love', '2016-12-02',286);
insert into song values( 'I Gotta Go', '2016-12-02',206);
insert into song values( 'Everybody Knows About My Good Thing', '2016-12-02',270);
insert into song values( 'Ride Them on Down', '2016-12-02',168);
insert into song values( 'Hate to See You Go', '2016-12-02',200);
insert into song values( 'Hoo Doo Blues', '2016-12-02',156);
insert into song values( 'Little Rain', '2016-12-02',212);
insert into song values( 'Just Like I Treat You', '2016-12-02',204);
insert into song values( 'I Can,t Quit You Baby', '2016-12-02',313);

insert into concert values(8437, '2019-03-01', 'Spain', 'Barcelona', 'Palau Sant Jordi');
insert into performs values(781,8437);
insert into ticket values(900,60);
insert into ticket values(901,60);
insert into ticket values(902,60);
insert into ticket values(903,60);
insert into ticket values(904,60);
insert into ticket values(905,60);
insert into ticket values(906,60);
insert into ticket values(907,60);
insert into ticket values(908,60);
insert into ticket values(909,60);
insert into ticket values(910,60);
insert into ticket values(911,60);
insert into ticket values(912,60);
insert into ticket values(913,60);
insert into ticket values(914,60);
insert into ticket values(915,60);
insert into ticket values(916,60);
insert into ticket values(917,60);
insert into ticket values(918,60);
insert into ticket values(919,60);
insert into sells values(8437,900);
insert into sells values(8437,901);
insert into sells values(8437,902);
insert into sells values(8437,903);
insert into sells values(8437,904);
insert into sells values(8437,905);
insert into sells values(8437,906);
insert into sells values(8437,907);
insert into sells values(8437,908);
insert into sells values(8437,909);
insert into sells values(8437,910);
insert into sells values(8437,911);
insert into sells values(8437,912);
insert into sells values(8437,913);
insert into sells values(8437,914);
insert into sells values(8437,915);
insert into sells values(8437,916);
insert into sells values(8437,917);
insert into sells values(8437,918);
insert into sells values(8437,919);

insert into concert values(4372, '2018-07-20', 'United Kingdom', 'London', 'Lyceum Theatre');
insert into performs values(781,4372);
insert into ticket values(520,90);
insert into ticket values(521,90);
insert into ticket values(522,90);
insert into ticket values(523,90);
insert into ticket values(524,90);
insert into ticket values(525,90);
insert into ticket values(526,90);
insert into ticket values(527,90);
insert into ticket values(528,90);
insert into ticket values(529,90);
insert into ticket values(530,90);
insert into ticket values(531,90);
insert into ticket values(532,90);
insert into ticket values(533,90);
insert into ticket values(534,90);
insert into ticket values(535,90);
insert into ticket values(536,90);
insert into ticket values(537,90);
insert into ticket values(538,90);
insert into ticket values(539,90);
insert into sells values(4372,520);
insert into sells values(4372,521);
insert into sells values(4372,522);
insert into sells values(4372,523);
insert into sells values(4372,524);
insert into sells values(4372,525);
insert into sells values(4372,526);
insert into sells values(4372,527);
insert into sells values(4372,528);
insert into sells values(4372,529);
insert into sells values(4372,530);
insert into sells values(4372,531);
insert into sells values(4372,532);
insert into sells values(4372,533);
insert into sells values(4372,534);
insert into sells values(4372,535);
insert into sells values(4372,536);
insert into sells values(4372,537);
insert into sells values(4372,538);
insert into sells values(4372,539);

insert into concert values(1834, '2020-08-08', 'Russia', 'Moscow', 'Loujniki Stadium');
insert into performs values(781,1834);
insert into ticket values(430,40);
insert into ticket values(431,40);
insert into ticket values(432,40);
insert into ticket values(433,40);
insert into ticket values(434,40);
insert into ticket values(435,40);
insert into ticket values(436,40);
insert into ticket values(437,40);
insert into ticket values(438,40);
insert into ticket values(439,40);
insert into ticket values(440,40);
insert into ticket values(441,40);
insert into ticket values(442,40);
insert into ticket values(443,40);
insert into ticket values(444,40);
insert into ticket values(445,40);
insert into ticket values(446,40);
insert into ticket values(447,40);
insert into ticket values(448,40);
insert into ticket values(449,40);
insert into sells values(1834,430);
insert into sells values(1834,431);
insert into sells values(1834,432);
insert into sells values(1834,433);
insert into sells values(1834,434);
insert into sells values(1834,435);
insert into sells values(1834,436);
insert into sells values(1834,437);
insert into sells values(1834,438);
insert into sells values(1834,439);
insert into sells values(1834,440);
insert into sells values(1834,441);
insert into sells values(1834,442);
insert into sells values(1834,443);
insert into sells values(1834,444);
insert into sells values(1834,445);
insert into sells values(1834,446);
insert into sells values(1834,447);
insert into sells values(1834,448);
insert into sells values(1834,449);

#Metallica band ID: 330
insert into musicGroup values (330, 'Metal');

insert into musician values (03125847, 'James', 'Hetfield', 'Quinn Street. 17', 90241, 'Downey', 'California', 694586039, 927493748);
insert into musician values (02859274, 'Lars', 'Ulrich', 'Brogårdsvej 44', 2820, 'Gentofte', 'Hovedstaden', 638478395, 926482372);
insert into musician values (01839583, 'Kirk', 'Hamett', 'Renfrew Rd 12', 94803, 'El Sobrante', 'California', 638473844, 940384903);
insert into musician values (04322883, 'Robert', 'Trujillo', 'Alta Ave. 30', 90402, 'Santa Monica', 'California', 683844029, 902748343);

insert into belongs values (03125847, 330);
insert into belongs values (02859274, 330);
insert into belongs values (01839583, 330);
insert into belongs values (04322883, 330);

insert into plays values (03125847, 'Guitar');
insert into plays values (02859274, 'Drums');
insert into plays values (01839583, 'Guitar');
insert into plays values (04322883, 'Bass');

insert into disc values (1203, 'Master of Puppets', '2018-03-03', 'Digital', 'wav', '4096 MB', '');
insert into creates values (330, 1203);

insert into song values ('Battery', '2018-03-03', 313);
insert into song values ('Master of Puppets', '2018-03-03', 515);
insert into song values ('The Thing That Should Not Be', '2018-03-03', 396);
insert into song values ('Welcome Home (Sanitarium)', '2018-03-03', 387);
insert into song values ('Disposable Heroes', '2018-03-03', 497);
insert into song values ('Leper Messiah', '2018-03-03', 340);
insert into song values ('Orion', '2018-03-03', 507);
insert into song values ('Damage, Inc.', '2018-03-03', 332);
insert into song values ('Battery (Live)', '2018-03-03', 293);
insert into song values ('The Thing That Should Not Be (Live)', '2018-03-03', 422);

insert into contains values (1203, 'Battery');
insert into contains values (1203, 'Master of Puppets');
insert into contains values (1203, 'The Thing That Should Not Be');
insert into contains values (1203, 'Welcome Home (Sanitarium)');
insert into contains values (1203, 'Disposable Heroes');
insert into contains values (1203, 'Leper Messiah');
insert into contains values (1203, 'Orion');
insert into contains values (1203, 'Damage, Inc.');
insert into contains values (1203, 'Battery (Live)');
insert into contains values (1203, 'The Thing That Should Not Be (Live)');

insert into concert values (4900, '2018-12-31', 'Spain', 'Madrid', 'Campus UCM');
insert into performs values (330, 4900);
insert into ticket values(470,99);
insert into ticket values(471,99);
insert into ticket values(472,99);
insert into ticket values(473,99);
insert into ticket values(474,99);
insert into ticket values(475,99);
insert into ticket values(476,99);
insert into ticket values(477,99);
insert into ticket values(478,99);
insert into ticket values(479,99);
insert into ticket values(480,99);
insert into ticket values(481,99);
insert into ticket values(482,99);
insert into ticket values(483,99);
insert into ticket values(484,99);
insert into ticket values(485,99);
insert into ticket values(486,99);
insert into ticket values(487,99);
insert into ticket values(488,99);
insert into ticket values(489,99);
insert into sells values(4900,470);
insert into sells values(4900,471);
insert into sells values(4900,472);
insert into sells values(4900,473);
insert into sells values(4900,474);
insert into sells values(4900,475);
insert into sells values(4900,476);
insert into sells values(4900,477);
insert into sells values(4900,478);
insert into sells values(4900,479);
insert into sells values(4900,480);
insert into sells values(4900,481);
insert into sells values(4900,482);
insert into sells values(4900,483);
insert into sells values(4900,484);
insert into sells values(4900,485);
insert into sells values(4900,486);
insert into sells values(4900,487);
insert into sells values(4900,488);
insert into sells values(4900,489);


#ACDC band ID: 362
insert into musicgroup values(362, 'Metal');
insert into musician values(08372185,'Brian','Johnson','Rendel St',70322, 'Dunston', 'Gateshead',687509419,941297051);
insert into musician values(03245623,'Angus','Young','Water St',70312, 'Sidney', 'Sidney',632191930,943214751);
insert into musician values(03144134,'Stevie','Young','Sauchihall St',70311, 'Glasgow', 'London',657129104,937518239);
insert into musician values(04321561,'Phil','Rudd','La Trobe St',70312,'Melbourne', 'Victoria',641732910,934175182);

insert into belongs values(08372185,362);
insert into belongs values(03245623,362);
insert into belongs values(03144134,362);
insert into belongs values(04321561,362);

insert into plays values(08372185, 'Vocals');
insert into plays values(03245623, 'Electric Guitar');
insert into plays values(03144134, 'Electric Guitar');
insert into plays values(04321561, 'Drum kit');
insert into plays values(04321561, 'Percussion');

insert into disc values (8892, 'Highway to Hell', '1979-11-06', 'Physical', '', '', 'CD');
insert into creates values (362, 8892);

insert into song values ('Highway to Hell', '1979-11-06', 209);
insert into song values ('Girls Got Rythm', '1979-11-06', 204);
insert into song values ('Walk All Over You', '1979-11-06', 310);
insert into song values ('Touch Too Much', '1979-11-06', 268);
insert into song values ('Beating Around the Bush', '1979-11-06', 237);
insert into song values ('Shot Down in Flames', '1979-11-06', 203);
insert into song values ('Get It Hot', '1979-11-06', 155);
insert into song values ('If You Want Blood (You´ve Got It)', '1979-11-06', 278);
insert into song values ('Love Hungry Man', '1979-11-06', 258);
insert into song values ('Night Prowler', '1979-11-06', 378);

insert into contains values (8892, 'Highway to Hell');
insert into contains values (8892, 'Girls Got Rythm');
insert into contains values (8892, 'Walk All Over You');
insert into contains values (8892, 'Touch Too Much');
insert into contains values (8892, 'Beating Around the Bush');
insert into contains values (8892, 'Shot Down in Flames');
insert into contains values (8892, 'Get It Hot');
insert into contains values (8892, 'If You Want Blood (You´ve Got It)');
insert into contains values (8892, 'Love Hungry Man');
insert into contains values (8892, 'Night Prowler');

insert into concert values (7650, '2020-02-20', 'Japan', 'Tokyo', 'Yoyogi Park');
insert into performs values (362, 7650);
insert into ticket values(920,120);
insert into ticket values(921,120);
insert into ticket values(922,120);
insert into ticket values(923,120);
insert into ticket values(924,120);
insert into ticket values(925,120);
insert into ticket values(926,120);
insert into ticket values(927,120);
insert into ticket values(928,120);
insert into ticket values(929,120);
insert into ticket values(930,120);
insert into ticket values(931,120);
insert into ticket values(932,120);
insert into ticket values(933,120);
insert into ticket values(934,120);
insert into ticket values(935,120);
insert into ticket values(936,120);
insert into ticket values(937,120);
insert into ticket values(938,120);
insert into ticket values(939,120);
insert into sells values(7650,920);
insert into sells values(7650,921);
insert into sells values(7650,922);
insert into sells values(7650,923);
insert into sells values(7650,924);
insert into sells values(7650,925);
insert into sells values(7650,926);
insert into sells values(7650,927);
insert into sells values(7650,928);
insert into sells values(7650,929);
insert into sells values(7650,930);
insert into sells values(7650,931);
insert into sells values(7650,932);
insert into sells values(7650,933);
insert into sells values(7650,934);
insert into sells values(7650,935);
insert into sells values(7650,936);
insert into sells values(7650,937);
insert into sells values(7650,938);
insert into sells values(7650,939);

#Users
insert into user values(2321423, 'Pedro', 'López', 'Perez', 'pedrolop@gmail.com',210);
insert into user values(5838743, 'Johnathan', 'Joestar', '', 'jojoReference@hotmail.com',2203);
insert into user values(4737492, 'Peter', 'McDonald', 'Douglas', 'peterMcd@gmail.com',122);
insert into user values(1238471, 'James', 'Miles', 'Johnson', 'jimmymj@yahoomail.com',3);
insert into user values(4528483, 'Putin', 'Makarov', 'Vlasov', 'putinvlas@protonmail.com',323);
insert into user values(4917493, 'Pierre', 'Chauvet', 'Derroux', 'picharroux@gmail.com',1002);
insert into user values(3283295, 'Igor', 'Bogdanoff', 'Yourievitch', 'thebog@hotmail.com',3023);
insert into user values(2374827, 'Heins', 'Christoffen', 'Schmidt', 'heincrhis@hotmail.com',2304);
insert into user values(9373493, 'Yoko', 'Namakura', 'Furikawa', 'namasan@hotmail.com',934);
insert into user values(9043278, 'Moira', 'Parkel', 'Vefill', 'parkelVef10@gmail.com',400);
insert into user values(4782107, 'Bobin', 'Coronel', 'Pesquero', 'nibobcorpes@hotmail.es',20);
insert into user values(4309871, 'Espinete', 'Gonzalez', 'Redondo', 'redGonzes29@yahoo.es',3921);
insert into user values(3421987, 'Marta', 'Guzmán', 'Fernandez', 'martaGuzFer300297@gmail.com,98');

insert into buysDisc values(02321423,2056);
insert into buysDisc values(02321423,2984);
insert into buysDisc values(02321423,1784);
insert into buysDisc values(04528483,2984);
insert into buysDisc values(04917493,2984);
insert into buysDisc values(01238471,1203);
insert into buysDisc values(04528483,1203);
insert into buysDisc values(04917493,1203);
insert into buysDisc values(01238471,8892);
insert into buysDisc values(04528483,8892);
insert into buysDisc values(09373493,8892);

insert into buysTicket values(02321423,1,271);
insert into buysTicket values(02321423,2,281);
insert into buysTicket values(02321423,3,160);
insert into buysTicket values(02321423,4,170);
insert into buysTicket values(04737492,1,171);
insert into buysTicket values(01238471,1,161);
insert into buysTicket values(04917493,1,184);
insert into buysTicket values(03283295,1,162);
insert into buysTicket values(02374827,1,282);
insert into buysTicket values(03283295,2,470);
insert into buysTicket values(02374827,2,471);
insert into buysTicket values(09373493,2,472);
insert into buysTicket values(01238471,3,909);
insert into buysTicket values(04528483,3,910);
insert into buysTicket values(09373493,3,911);

insert into givesOpinionConcert values (02321423,3980,7);
insert into givesOpinionConcert values (02321423,3990,9);
insert into givesOpinionConcert values (02321423,4470,6);
insert into givesOpinionConcert values (02321423,4480,10);
insert into givesOpinionConcert values (04737492,3980,7);
insert into givesOpinionConcert values (01238471,3990,8);
insert into givesOpinionConcert values (01238471,4470,5);
insert into givesOpinionConcert values (03283295,4470,7);
insert into givesOpinionConcert values (02374827,3990,6);
insert into givesOpinionConcert values (03283295,4900,7);
insert into givesOpinionConcert values (02374827,4900,9);
insert into givesOpinionConcert values (09373493,4900,10);
insert into givesOpinionConcert values (01238471,7650,5);
insert into givesOpinionConcert values (04528483,7650,6);
insert into givesOpinionConcert values (09373493,7650,9);

insert into givesOpinionDisc values (02321423,2056,8);
insert into givesOpinionDisc values (02321423,2984,8);
insert into givesOpinionDisc values (02321423,1784,7);
insert into givesOpinionDisc values (04737492,2984,8);
insert into givesOpinionDisc values (04737492,1784,5);
insert into givesOpinionDisc values (01238471,1203,7);
insert into givesOpinionDisc values (04528483,1203,10);
insert into givesOpinionDisc values (04917493,1203,6);
insert into givesOpinionDisc values (01238471,8892,5);
insert into givesOpinionDisc values (04528483,8892,7);
insert into givesOpinionDisc values (09373493,8892,8);